--
-- PostgreSQL database dump
--

SET statement_timeout = 0;
SET lock_timeout = 0;
SET client_encoding = 'UTF8';
SET standard_conforming_strings = on;
SET check_function_bodies = false;
SET client_min_messages = warning;

--
-- Name: plpgsql; Type: EXTENSION; Schema: -; Owner: 
--

CREATE EXTENSION IF NOT EXISTS plpgsql WITH SCHEMA pg_catalog;


--
-- Name: EXTENSION plpgsql; Type: COMMENT; Schema: -; Owner: 
--

COMMENT ON EXTENSION plpgsql IS 'PL/pgSQL procedural language';


SET search_path = public, pg_catalog;

SET default_tablespace = '';

SET default_with_oids = false;

--
-- Name: auditoria; Type: TABLE; Schema: public; Owner: postgres; Tablespace: 
--

CREATE TABLE auditoria (
    id_audi integer NOT NULL,
    tp_audi integer,
    id_user integer,
    dt_audi character varying(200),
    f_audi date,
    h_audi time without time zone
);


ALTER TABLE public.auditoria OWNER TO postgres;

--
-- Name: auditoria_id_audi_seq; Type: SEQUENCE; Schema: public; Owner: postgres
--

CREATE SEQUENCE auditoria_id_audi_seq
    START WITH 1
    INCREMENT BY 1
    NO MINVALUE
    NO MAXVALUE
    CACHE 1;


ALTER TABLE public.auditoria_id_audi_seq OWNER TO postgres;

--
-- Name: auditoria_id_audi_seq; Type: SEQUENCE OWNED BY; Schema: public; Owner: postgres
--

ALTER SEQUENCE auditoria_id_audi_seq OWNED BY auditoria.id_audi;


--
-- Name: citas; Type: TABLE; Schema: public; Owner: postgres; Tablespace: 
--

CREATE TABLE citas (
    id_citas integer NOT NULL,
    id_hojas_c integer,
    id_pac integer,
    det_cita character varying(200),
    estado boolean
);


ALTER TABLE public.citas OWNER TO postgres;

--
-- Name: citas_id_citas_seq; Type: SEQUENCE; Schema: public; Owner: postgres
--

CREATE SEQUENCE citas_id_citas_seq
    START WITH 1
    INCREMENT BY 1
    NO MINVALUE
    NO MAXVALUE
    CACHE 1;


ALTER TABLE public.citas_id_citas_seq OWNER TO postgres;

--
-- Name: citas_id_citas_seq; Type: SEQUENCE OWNED BY; Schema: public; Owner: postgres
--

ALTER SEQUENCE citas_id_citas_seq OWNED BY citas.id_citas;


--
-- Name: constancias; Type: TABLE; Schema: public; Owner: postgres; Tablespace: 
--

CREATE TABLE constancias (
    id_cons integer NOT NULL,
    id_pac integer,
    fh_cons date,
    fh_inic date,
    fh_fin date
);


ALTER TABLE public.constancias OWNER TO postgres;

--
-- Name: constancias_id_cons_seq; Type: SEQUENCE; Schema: public; Owner: postgres
--

CREATE SEQUENCE constancias_id_cons_seq
    START WITH 1
    INCREMENT BY 1
    NO MINVALUE
    NO MAXVALUE
    CACHE 1;


ALTER TABLE public.constancias_id_cons_seq OWNER TO postgres;

--
-- Name: constancias_id_cons_seq; Type: SEQUENCE OWNED BY; Schema: public; Owner: postgres
--

ALTER SEQUENCE constancias_id_cons_seq OWNED BY constancias.id_cons;


--
-- Name: consumo; Type: TABLE; Schema: public; Owner: postgres; Tablespace: 
--

CREATE TABLE consumo (
    id_con integer NOT NULL,
    fh_con date,
    cant_con double precision,
    id_pro integer
);


ALTER TABLE public.consumo OWNER TO postgres;

--
-- Name: consumo_id_con_seq; Type: SEQUENCE; Schema: public; Owner: postgres
--

CREATE SEQUENCE consumo_id_con_seq
    START WITH 1
    INCREMENT BY 1
    NO MINVALUE
    NO MAXVALUE
    CACHE 1;


ALTER TABLE public.consumo_id_con_seq OWNER TO postgres;

--
-- Name: consumo_id_con_seq; Type: SEQUENCE OWNED BY; Schema: public; Owner: postgres
--

ALTER SEQUENCE consumo_id_con_seq OWNED BY consumo.id_con;


--
-- Name: contras; Type: TABLE; Schema: public; Owner: postgres; Tablespace: 
--

CREATE TABLE contras (
    id_contra integer NOT NULL,
    contra character varying(80)
);


ALTER TABLE public.contras OWNER TO postgres;

--
-- Name: contras_id_contra_seq; Type: SEQUENCE; Schema: public; Owner: postgres
--

CREATE SEQUENCE contras_id_contra_seq
    START WITH 1
    INCREMENT BY 1
    NO MINVALUE
    NO MAXVALUE
    CACHE 1;


ALTER TABLE public.contras_id_contra_seq OWNER TO postgres;

--
-- Name: contras_id_contra_seq; Type: SEQUENCE OWNED BY; Schema: public; Owner: postgres
--

ALTER SEQUENCE contras_id_contra_seq OWNED BY contras.id_contra;


--
-- Name: especialidad; Type: TABLE; Schema: public; Owner: postgres; Tablespace: 
--

CREATE TABLE especialidad (
    id_esp integer NOT NULL,
    esp character varying(20)
);


ALTER TABLE public.especialidad OWNER TO postgres;

--
-- Name: especialidad_id_esp_seq; Type: SEQUENCE; Schema: public; Owner: postgres
--

CREATE SEQUENCE especialidad_id_esp_seq
    START WITH 1
    INCREMENT BY 1
    NO MINVALUE
    NO MAXVALUE
    CACHE 1;


ALTER TABLE public.especialidad_id_esp_seq OWNER TO postgres;

--
-- Name: especialidad_id_esp_seq; Type: SEQUENCE OWNED BY; Schema: public; Owner: postgres
--

ALTER SEQUENCE especialidad_id_esp_seq OWNED BY especialidad.id_esp;


--
-- Name: hist_contra; Type: TABLE; Schema: public; Owner: postgres; Tablespace: 
--

CREATE TABLE hist_contra (
    id_hc integer NOT NULL,
    id_his integer,
    id_contra integer
);


ALTER TABLE public.hist_contra OWNER TO postgres;

--
-- Name: hist_contra_id_hc_seq; Type: SEQUENCE; Schema: public; Owner: postgres
--

CREATE SEQUENCE hist_contra_id_hc_seq
    START WITH 1
    INCREMENT BY 1
    NO MINVALUE
    NO MAXVALUE
    CACHE 1;


ALTER TABLE public.hist_contra_id_hc_seq OWNER TO postgres;

--
-- Name: hist_contra_id_hc_seq; Type: SEQUENCE OWNED BY; Schema: public; Owner: postgres
--

ALTER SEQUENCE hist_contra_id_hc_seq OWNED BY hist_contra.id_hc;


--
-- Name: historias; Type: TABLE; Schema: public; Owner: postgres; Tablespace: 
--

CREATE TABLE historias (
    id_his integer NOT NULL,
    qr_code character varying(20),
    id_pac integer,
    fh_his date
);


ALTER TABLE public.historias OWNER TO postgres;

--
-- Name: historias_id_his_seq; Type: SEQUENCE; Schema: public; Owner: postgres
--

CREATE SEQUENCE historias_id_his_seq
    START WITH 1
    INCREMENT BY 1
    NO MINVALUE
    NO MAXVALUE
    CACHE 1;


ALTER TABLE public.historias_id_his_seq OWNER TO postgres;

--
-- Name: historias_id_his_seq; Type: SEQUENCE OWNED BY; Schema: public; Owner: postgres
--

ALTER SEQUENCE historias_id_his_seq OWNED BY historias.id_his;


--
-- Name: hoja_cita; Type: TABLE; Schema: public; Owner: postgres; Tablespace: 
--

CREATE TABLE hoja_cita (
    id_hoja_c integer NOT NULL,
    fh_hoja_c date
);


ALTER TABLE public.hoja_cita OWNER TO postgres;

--
-- Name: hoja_cita_id_hoja_c_seq; Type: SEQUENCE; Schema: public; Owner: postgres
--

CREATE SEQUENCE hoja_cita_id_hoja_c_seq
    START WITH 1
    INCREMENT BY 1
    NO MINVALUE
    NO MAXVALUE
    CACHE 1;


ALTER TABLE public.hoja_cita_id_hoja_c_seq OWNER TO postgres;

--
-- Name: hoja_cita_id_hoja_c_seq; Type: SEQUENCE OWNED BY; Schema: public; Owner: postgres
--

ALTER SEQUENCE hoja_cita_id_hoja_c_seq OWNED BY hoja_cita.id_hoja_c;


--
-- Name: inventario; Type: TABLE; Schema: public; Owner: jesusrojas; Tablespace: 
--

CREATE TABLE inventario (
    id_inv integer NOT NULL,
    id_pro integer,
    exis double precision DEFAULT 0
);


ALTER TABLE public.inventario OWNER TO jesusrojas;

--
-- Name: inventario_id_inv_seq; Type: SEQUENCE; Schema: public; Owner: jesusrojas
--

CREATE SEQUENCE inventario_id_inv_seq
    START WITH 1
    INCREMENT BY 1
    NO MINVALUE
    NO MAXVALUE
    CACHE 1;


ALTER TABLE public.inventario_id_inv_seq OWNER TO jesusrojas;

--
-- Name: inventario_id_inv_seq; Type: SEQUENCE OWNED BY; Schema: public; Owner: jesusrojas
--

ALTER SEQUENCE inventario_id_inv_seq OWNED BY inventario.id_inv;


--
-- Name: levels; Type: TABLE; Schema: public; Owner: postgres; Tablespace: 
--

CREATE TABLE levels (
    id_level integer NOT NULL,
    level character varying(20),
    desc_level character varying(200)
);


ALTER TABLE public.levels OWNER TO postgres;

--
-- Name: levels_id_level_seq; Type: SEQUENCE; Schema: public; Owner: postgres
--

CREATE SEQUENCE levels_id_level_seq
    START WITH 1
    INCREMENT BY 1
    NO MINVALUE
    NO MAXVALUE
    CACHE 1;


ALTER TABLE public.levels_id_level_seq OWNER TO postgres;

--
-- Name: levels_id_level_seq; Type: SEQUENCE OWNED BY; Schema: public; Owner: postgres
--

ALTER SEQUENCE levels_id_level_seq OWNED BY levels.id_level;


--
-- Name: medida; Type: TABLE; Schema: public; Owner: jesusrojas; Tablespace: 
--

CREATE TABLE medida (
    id_med integer NOT NULL,
    med character varying(80)
);


ALTER TABLE public.medida OWNER TO jesusrojas;

--
-- Name: medida_id_med_seq; Type: SEQUENCE; Schema: public; Owner: jesusrojas
--

CREATE SEQUENCE medida_id_med_seq
    START WITH 1
    INCREMENT BY 1
    NO MINVALUE
    NO MAXVALUE
    CACHE 1;


ALTER TABLE public.medida_id_med_seq OWNER TO jesusrojas;

--
-- Name: medida_id_med_seq; Type: SEQUENCE OWNED BY; Schema: public; Owner: jesusrojas
--

ALTER SEQUENCE medida_id_med_seq OWNED BY medida.id_med;


--
-- Name: paciente; Type: TABLE; Schema: public; Owner: postgres; Tablespace: 
--

CREATE TABLE paciente (
    id_pac integer NOT NULL,
    nom_pac character varying(80),
    ape_pac character varying(80),
    ced_pac character varying(20),
    fh_nac date,
    direcc character varying(200),
    edad integer,
    gen character varying(9),
    tlf character varying(12),
    esp integer,
    tra character varying(3),
    gram bytea,
    gram2 text
);


ALTER TABLE public.paciente OWNER TO postgres;

--
-- Name: paciente_id_pac_seq; Type: SEQUENCE; Schema: public; Owner: postgres
--

CREATE SEQUENCE paciente_id_pac_seq
    START WITH 1
    INCREMENT BY 1
    NO MINVALUE
    NO MAXVALUE
    CACHE 1;


ALTER TABLE public.paciente_id_pac_seq OWNER TO postgres;

--
-- Name: paciente_id_pac_seq; Type: SEQUENCE OWNED BY; Schema: public; Owner: postgres
--

ALTER SEQUENCE paciente_id_pac_seq OWNED BY paciente.id_pac;


--
-- Name: producto; Type: TABLE; Schema: public; Owner: jesusrojas; Tablespace: 
--

CREATE TABLE producto (
    id_pro integer NOT NULL,
    nom_pro character varying(30),
    det_pro character varying(100),
    med integer
);


ALTER TABLE public.producto OWNER TO jesusrojas;

--
-- Name: producto_id_pro_seq; Type: SEQUENCE; Schema: public; Owner: jesusrojas
--

CREATE SEQUENCE producto_id_pro_seq
    START WITH 1
    INCREMENT BY 1
    NO MINVALUE
    NO MAXVALUE
    CACHE 1;


ALTER TABLE public.producto_id_pro_seq OWNER TO jesusrojas;

--
-- Name: producto_id_pro_seq; Type: SEQUENCE OWNED BY; Schema: public; Owner: jesusrojas
--

ALTER SEQUENCE producto_id_pro_seq OWNED BY producto.id_pro;


--
-- Name: recepcion; Type: TABLE; Schema: public; Owner: postgres; Tablespace: 
--

CREATE TABLE recepcion (
    id_rec integer NOT NULL,
    fh_rec date,
    cant_rec double precision,
    id_pro integer
);


ALTER TABLE public.recepcion OWNER TO postgres;

--
-- Name: recepcion_id_rec_seq; Type: SEQUENCE; Schema: public; Owner: postgres
--

CREATE SEQUENCE recepcion_id_rec_seq
    START WITH 1
    INCREMENT BY 1
    NO MINVALUE
    NO MAXVALUE
    CACHE 1;


ALTER TABLE public.recepcion_id_rec_seq OWNER TO postgres;

--
-- Name: recepcion_id_rec_seq; Type: SEQUENCE OWNED BY; Schema: public; Owner: postgres
--

ALTER SEQUENCE recepcion_id_rec_seq OWNED BY recepcion.id_rec;


--
-- Name: recipes; Type: TABLE; Schema: public; Owner: postgres; Tablespace: 
--

CREATE TABLE recipes (
    id_rec integer NOT NULL,
    id_pac integer,
    info_rec text,
    fh_rec date
);


ALTER TABLE public.recipes OWNER TO postgres;

--
-- Name: recipes_id_rec_seq; Type: SEQUENCE; Schema: public; Owner: postgres
--

CREATE SEQUENCE recipes_id_rec_seq
    START WITH 1
    INCREMENT BY 1
    NO MINVALUE
    NO MAXVALUE
    CACHE 1;


ALTER TABLE public.recipes_id_rec_seq OWNER TO postgres;

--
-- Name: recipes_id_rec_seq; Type: SEQUENCE OWNED BY; Schema: public; Owner: postgres
--

ALTER SEQUENCE recipes_id_rec_seq OWNED BY recipes.id_rec;


--
-- Name: tipo_auditoria; Type: TABLE; Schema: public; Owner: postgres; Tablespace: 
--

CREATE TABLE tipo_auditoria (
    id_ta integer NOT NULL,
    tp_audi character varying(10)
);


ALTER TABLE public.tipo_auditoria OWNER TO postgres;

--
-- Name: tipo_auditoria_id_ta_seq; Type: SEQUENCE; Schema: public; Owner: postgres
--

CREATE SEQUENCE tipo_auditoria_id_ta_seq
    START WITH 1
    INCREMENT BY 1
    NO MINVALUE
    NO MAXVALUE
    CACHE 1;


ALTER TABLE public.tipo_auditoria_id_ta_seq OWNER TO postgres;

--
-- Name: tipo_auditoria_id_ta_seq; Type: SEQUENCE OWNED BY; Schema: public; Owner: postgres
--

ALTER SEQUENCE tipo_auditoria_id_ta_seq OWNED BY tipo_auditoria.id_ta;


--
-- Name: tratamiento; Type: TABLE; Schema: public; Owner: postgres; Tablespace: 
--

CREATE TABLE tratamiento (
    id_tra integer NOT NULL,
    titulo character varying(50),
    detalles character varying(200),
    fecha date,
    id_his integer
);


ALTER TABLE public.tratamiento OWNER TO postgres;

--
-- Name: tratamiento_id_tra_seq; Type: SEQUENCE; Schema: public; Owner: postgres
--

CREATE SEQUENCE tratamiento_id_tra_seq
    START WITH 1
    INCREMENT BY 1
    NO MINVALUE
    NO MAXVALUE
    CACHE 1;


ALTER TABLE public.tratamiento_id_tra_seq OWNER TO postgres;

--
-- Name: tratamiento_id_tra_seq; Type: SEQUENCE OWNED BY; Schema: public; Owner: postgres
--

ALTER SEQUENCE tratamiento_id_tra_seq OWNED BY tratamiento.id_tra;


--
-- Name: users; Type: TABLE; Schema: public; Owner: postgres; Tablespace: 
--

CREATE TABLE users (
    id_user integer NOT NULL,
    nom_user character varying(80),
    ape_user character varying(80),
    ced_user character varying(10),
    log_user character varying(20),
    pw_user character varying(900),
    level integer,
    scr_qutn character varying(900),
    scr_anw character varying(900),
    crt_date timestamp without time zone DEFAULT now() NOT NULL
);


ALTER TABLE public.users OWNER TO postgres;

--
-- Name: users_id_user_seq; Type: SEQUENCE; Schema: public; Owner: postgres
--

CREATE SEQUENCE users_id_user_seq
    START WITH 1
    INCREMENT BY 1
    NO MINVALUE
    NO MAXVALUE
    CACHE 1;


ALTER TABLE public.users_id_user_seq OWNER TO postgres;

--
-- Name: users_id_user_seq; Type: SEQUENCE OWNED BY; Schema: public; Owner: postgres
--

ALTER SEQUENCE users_id_user_seq OWNED BY users.id_user;


--
-- Name: id_audi; Type: DEFAULT; Schema: public; Owner: postgres
--

ALTER TABLE ONLY auditoria ALTER COLUMN id_audi SET DEFAULT nextval('auditoria_id_audi_seq'::regclass);


--
-- Name: id_citas; Type: DEFAULT; Schema: public; Owner: postgres
--

ALTER TABLE ONLY citas ALTER COLUMN id_citas SET DEFAULT nextval('citas_id_citas_seq'::regclass);


--
-- Name: id_cons; Type: DEFAULT; Schema: public; Owner: postgres
--

ALTER TABLE ONLY constancias ALTER COLUMN id_cons SET DEFAULT nextval('constancias_id_cons_seq'::regclass);


--
-- Name: id_con; Type: DEFAULT; Schema: public; Owner: postgres
--

ALTER TABLE ONLY consumo ALTER COLUMN id_con SET DEFAULT nextval('consumo_id_con_seq'::regclass);


--
-- Name: id_contra; Type: DEFAULT; Schema: public; Owner: postgres
--

ALTER TABLE ONLY contras ALTER COLUMN id_contra SET DEFAULT nextval('contras_id_contra_seq'::regclass);


--
-- Name: id_esp; Type: DEFAULT; Schema: public; Owner: postgres
--

ALTER TABLE ONLY especialidad ALTER COLUMN id_esp SET DEFAULT nextval('especialidad_id_esp_seq'::regclass);


--
-- Name: id_hc; Type: DEFAULT; Schema: public; Owner: postgres
--

ALTER TABLE ONLY hist_contra ALTER COLUMN id_hc SET DEFAULT nextval('hist_contra_id_hc_seq'::regclass);


--
-- Name: id_his; Type: DEFAULT; Schema: public; Owner: postgres
--

ALTER TABLE ONLY historias ALTER COLUMN id_his SET DEFAULT nextval('historias_id_his_seq'::regclass);


--
-- Name: id_hoja_c; Type: DEFAULT; Schema: public; Owner: postgres
--

ALTER TABLE ONLY hoja_cita ALTER COLUMN id_hoja_c SET DEFAULT nextval('hoja_cita_id_hoja_c_seq'::regclass);


--
-- Name: id_inv; Type: DEFAULT; Schema: public; Owner: jesusrojas
--

ALTER TABLE ONLY inventario ALTER COLUMN id_inv SET DEFAULT nextval('inventario_id_inv_seq'::regclass);


--
-- Name: id_level; Type: DEFAULT; Schema: public; Owner: postgres
--

ALTER TABLE ONLY levels ALTER COLUMN id_level SET DEFAULT nextval('levels_id_level_seq'::regclass);


--
-- Name: id_med; Type: DEFAULT; Schema: public; Owner: jesusrojas
--

ALTER TABLE ONLY medida ALTER COLUMN id_med SET DEFAULT nextval('medida_id_med_seq'::regclass);


--
-- Name: id_pac; Type: DEFAULT; Schema: public; Owner: postgres
--

ALTER TABLE ONLY paciente ALTER COLUMN id_pac SET DEFAULT nextval('paciente_id_pac_seq'::regclass);


--
-- Name: id_pro; Type: DEFAULT; Schema: public; Owner: jesusrojas
--

ALTER TABLE ONLY producto ALTER COLUMN id_pro SET DEFAULT nextval('producto_id_pro_seq'::regclass);


--
-- Name: id_rec; Type: DEFAULT; Schema: public; Owner: postgres
--

ALTER TABLE ONLY recepcion ALTER COLUMN id_rec SET DEFAULT nextval('recepcion_id_rec_seq'::regclass);


--
-- Name: id_rec; Type: DEFAULT; Schema: public; Owner: postgres
--

ALTER TABLE ONLY recipes ALTER COLUMN id_rec SET DEFAULT nextval('recipes_id_rec_seq'::regclass);


--
-- Name: id_ta; Type: DEFAULT; Schema: public; Owner: postgres
--

ALTER TABLE ONLY tipo_auditoria ALTER COLUMN id_ta SET DEFAULT nextval('tipo_auditoria_id_ta_seq'::regclass);


--
-- Name: id_tra; Type: DEFAULT; Schema: public; Owner: postgres
--

ALTER TABLE ONLY tratamiento ALTER COLUMN id_tra SET DEFAULT nextval('tratamiento_id_tra_seq'::regclass);


--
-- Name: id_user; Type: DEFAULT; Schema: public; Owner: postgres
--

ALTER TABLE ONLY users ALTER COLUMN id_user SET DEFAULT nextval('users_id_user_seq'::regclass);


--
-- Data for Name: auditoria; Type: TABLE DATA; Schema: public; Owner: postgres
--

COPY auditoria (id_audi, tp_audi, id_user, dt_audi, f_audi, h_audi) FROM stdin;
6	5	4	El usuario Jesus Orlando Rojas Artahona de nivel 1 a iniciado sesión el: 2016-07-16 a las 6:25:17.	2016-07-16	06:25:17
7	5	6	El usuario demo demo de nivel 1 a iniciado sesión el: 2016-08-1 a las 8:14:11.	2016-08-01	08:14:11
8	5	4	El usuario Jesus Orlando Rojas Artahona de nivel 1 a iniciado sesión el: 2016-08-1 a las 8:14:20.	2016-08-01	08:14:20
9	5	4	El usuario Jesus Orlando Rojas Artahona de nivel 1 a iniciado sesión el: 2016-08-4 a las 7:32:17.	2016-08-04	07:32:17
\.


--
-- Name: auditoria_id_audi_seq; Type: SEQUENCE SET; Schema: public; Owner: postgres
--

SELECT pg_catalog.setval('auditoria_id_audi_seq', 9, true);


--
-- Data for Name: citas; Type: TABLE DATA; Schema: public; Owner: postgres
--

COPY citas (id_citas, id_hojas_c, id_pac, det_cita, estado) FROM stdin;
\.


--
-- Name: citas_id_citas_seq; Type: SEQUENCE SET; Schema: public; Owner: postgres
--

SELECT pg_catalog.setval('citas_id_citas_seq', 1, false);


--
-- Data for Name: constancias; Type: TABLE DATA; Schema: public; Owner: postgres
--

COPY constancias (id_cons, id_pac, fh_cons, fh_inic, fh_fin) FROM stdin;
\.


--
-- Name: constancias_id_cons_seq; Type: SEQUENCE SET; Schema: public; Owner: postgres
--

SELECT pg_catalog.setval('constancias_id_cons_seq', 1, false);


--
-- Data for Name: consumo; Type: TABLE DATA; Schema: public; Owner: postgres
--

COPY consumo (id_con, fh_con, cant_con, id_pro) FROM stdin;
1	2016-01-09	70	49
2	2017-07-12	34534	49
3	2017-07-12	34534	49
4	2017-07-12	34534	49
5	2017-07-12	34534	49
6	2017-07-12	34534	49
7	2017-07-12	34534	49
8	2017-01-09	434	49
9	2017-01-09	434	49
10	2017-01-09	434	49
11	2016-04-09	3000000	49
12	2018-02-11	26028	49
13	0001-01-01 BC	1	49
14	0001-01-01 BC	1	49
\.


--
-- Name: consumo_id_con_seq; Type: SEQUENCE SET; Schema: public; Owner: postgres
--

SELECT pg_catalog.setval('consumo_id_con_seq', 14, true);


--
-- Data for Name: contras; Type: TABLE DATA; Schema: public; Owner: postgres
--

COPY contras (id_contra, contra) FROM stdin;
1	Hipertención
2	Asma
3	Problemas renales
4	Diabetes
5	Cardiopatias
6	Embarazo
7	Alergias
\.


--
-- Name: contras_id_contra_seq; Type: SEQUENCE SET; Schema: public; Owner: postgres
--

SELECT pg_catalog.setval('contras_id_contra_seq', 9, true);


--
-- Data for Name: especialidad; Type: TABLE DATA; Schema: public; Owner: postgres
--

COPY especialidad (id_esp, esp) FROM stdin;
1	Electronica
2	Informatica
3	Electricidad
4	Mecanica
5	Agroalimentacion
6	Construccion civil
\.


--
-- Name: especialidad_id_esp_seq; Type: SEQUENCE SET; Schema: public; Owner: postgres
--

SELECT pg_catalog.setval('especialidad_id_esp_seq', 6, true);


--
-- Data for Name: hist_contra; Type: TABLE DATA; Schema: public; Owner: postgres
--

COPY hist_contra (id_hc, id_his, id_contra) FROM stdin;
\.


--
-- Name: hist_contra_id_hc_seq; Type: SEQUENCE SET; Schema: public; Owner: postgres
--

SELECT pg_catalog.setval('hist_contra_id_hc_seq', 1, false);


--
-- Data for Name: historias; Type: TABLE DATA; Schema: public; Owner: postgres
--

COPY historias (id_his, qr_code, id_pac, fh_his) FROM stdin;
1	\N	14	0035-03-09
2	\N	15	0035-03-09
3	\N	16	0035-03-09
4	\N	17	0035-03-09
5	\N	18	0035-03-09
6	\N	19	0035-03-09
7	\N	20	0035-03-09
8	\N	21	0035-03-09
9	\N	22	0035-03-09
10	\N	23	0035-03-09
11	\N	24	0035-03-09
12	\N	25	0035-03-09
13	\N	26	0035-03-09
14	\N	27	0035-03-09
15	\N	28	0035-03-09
16	\N	29	0035-03-09
17	\N	30	0035-03-09
18	\N	31	0035-03-09
19	\N	32	0035-03-09
20	\N	33	0035-03-09
21	\N	34	0035-03-09
22	\N	37	0035-03-09
23	\N	40	0035-03-09
24	\N	41	0035-03-09
25	\N	42	0035-03-09
26	\N	43	0035-03-09
27	\N	44	0035-03-09
28	\N	45	0035-03-09
29	\N	46	0035-03-09
30	\N	47	0035-03-09
31	\N	48	0035-03-09
32	\N	49	0035-03-09
33	\N	50	0035-03-09
34	\N	51	0035-03-09
35	\N	52	0035-03-09
36	\N	53	0035-03-09
37	\N	54	0035-03-09
38	\N	55	0035-03-09
39	\N	56	0035-03-09
40	\N	57	0035-03-09
41	\N	58	0035-03-09
42	\N	59	0035-03-09
43	\N	60	0035-03-09
44	\N	61	0035-03-09
45	\N	62	0035-03-09
46	\N	63	0035-03-09
47	\N	64	0035-03-09
48	\N	65	0035-03-09
49	\N	66	0035-03-09
50	\N	67	0035-03-09
51	\N	68	0035-03-09
52	\N	69	0035-03-09
53	\N	70	0035-03-09
54	\N	71	0035-03-09
55	\N	72	0035-03-09
56	\N	73	0035-03-09
57	\N	74	0035-03-09
58	\N	75	0035-03-09
59	\N	76	0035-03-09
60	\N	77	0035-03-09
\.


--
-- Name: historias_id_his_seq; Type: SEQUENCE SET; Schema: public; Owner: postgres
--

SELECT pg_catalog.setval('historias_id_his_seq', 60, true);


--
-- Data for Name: hoja_cita; Type: TABLE DATA; Schema: public; Owner: postgres
--

COPY hoja_cita (id_hoja_c, fh_hoja_c) FROM stdin;
\.


--
-- Name: hoja_cita_id_hoja_c_seq; Type: SEQUENCE SET; Schema: public; Owner: postgres
--

SELECT pg_catalog.setval('hoja_cita_id_hoja_c_seq', 1, false);


--
-- Data for Name: inventario; Type: TABLE DATA; Schema: public; Owner: jesusrojas
--

COPY inventario (id_inv, id_pro, exis) FROM stdin;
19	51	0
18	52	0
20	53	0
21	54	0
22	55	0
23	56	0
24	57	0
25	58	0
26	59	0
27	60	0
28	61	0
29	62	0
30	63	0
31	64	0
32	65	0
34	67	0
17	50	60
16	49	299998
\.


--
-- Name: inventario_id_inv_seq; Type: SEQUENCE SET; Schema: public; Owner: jesusrojas
--

SELECT pg_catalog.setval('inventario_id_inv_seq', 34, true);


--
-- Data for Name: levels; Type: TABLE DATA; Schema: public; Owner: postgres
--

COPY levels (id_level, level, desc_level) FROM stdin;
1	1	Administrador
2	2	Auditor
3	3	Usuario
4	4	Doctor
\.


--
-- Name: levels_id_level_seq; Type: SEQUENCE SET; Schema: public; Owner: postgres
--

SELECT pg_catalog.setval('levels_id_level_seq', 4, true);


--
-- Data for Name: medida; Type: TABLE DATA; Schema: public; Owner: jesusrojas
--

COPY medida (id_med, med) FROM stdin;
1	ml
\.


--
-- Name: medida_id_med_seq; Type: SEQUENCE SET; Schema: public; Owner: jesusrojas
--

SELECT pg_catalog.setval('medida_id_med_seq', 1, true);


--
-- Data for Name: paciente; Type: TABLE DATA; Schema: public; Owner: postgres
--

COPY paciente (id_pac, nom_pac, ape_pac, ced_pac, fh_nac, direcc, edad, gen, tlf, esp, tra, gram, gram2) FROM stdin;
40	1	1	V-1	0001-01-01 BC	1	1	1	1	1	1	\N	\N
41	1	1	V-1	0001-01-01 BC	1	1	1	1	1	1	\N	\N
42	1	1	V-1	0001-01-01 BC	1	1	1	1	1	1	\N	\N
43	1	1	V-1	0001-01-01 BC	1	1	1	1	1	1	\N	\N
44	1	1	V-1	0001-01-01 BC	1	1	1	1	1	1	\N	\N
45	Jesus	Rojas	V-24585037	1966-12-09	JSKFNDNDKNDKFDNFK	53	masculino	0414-5648135	3	IV	\N	\N
46	1	1	V-1	0001-01-01 BC	1	1	1	1	1	1	\N	\N
47	1	1	V-1	0001-01-01 BC	1	1	1	1	1	1	\N	\N
48	1	1	V-1	0001-01-01 BC	1	1	1	1	1	1	\N	\N
49	1	1	V-1	0001-01-01 BC	1	1	1	1	1	1	\N	\N
50	1	1	V-1	0001-01-01 BC	1	1	1	1	1	1	\N	\N
51	1	1	V-1	0001-01-01 BC	1	1	1	1	1	1	\N	\N
52	karina	quintero	V-533254523	2017-01-09	gdfbgbdvd	64	femenino	345464546455	4	II	\N	\N
53	Jesus	Rojas	V-24115035	2017-07-12	234235345sdfdfasdfdvdavd	25	masculino	342fsdfsd	3	III	\N	\N
54	dasd	fsdafsad	V-24115035	2016-06-09	dgsgfsdfgsdfgd	32	masculino	4fdafsdafd34	3	III	\N	\N
55	Jesus	1	V-1	0001-01-01 BC	1	1	1	1	1	1	\N	\N
56	Orlando	Rojas	V-233453453	1995-01-04	2cvsdfdfda	34	masculino	232434234234	4	III	\N	\N
57	asdf	sadf	V-23434534	2016-07-09	234234	24	femenino	gdfdfg	3	III	\N	\N
58	chiabe	buda	V-342342343	2017-08-11	fadfbgfsdfdfhadfgdf	32	femenino	234wsd343453	4	IV	\N	\N
2	CHIABE	TEAMA	V-24115035	0035-02-06	barinas estado barinas	22	masculino	04145557047	2	III	\N	undefined
11	CHIABE	TEAMA	V-24115035	2016-08-29	barinas estado barinas	22	femenino	04145557047	2	IV	\N	undefined
4	CHIABE	TEAMA	V-24115035	2016-08-29	barinas estado barinas	22	masculino	04145557047	2	III	\N	undefined
6	CHIABE	TEAMA	V-24115035	2016-08-29	barinas estado barinas	22	masculino	04145557047	2	III	\N	undefined
9	CHIABE	TEAMA	V-24115035	2016-08-29	barinas estado barinas	22	masculino	04145557047	2	III	\N	undefined
7	CHIABE	TEAMA	V-24115035	2016-08-29	barinas estado barinas	22	masculino	04145557047	2	III	\N	undefined
8	CHIABE	TEAMA	V-24115035	2016-08-29	barinas estado barinas	22	masculino	04145557047	2	III	\N	undefined
5	CHIABE	TEAMA	V-24115035	2016-08-29	barinas estado barinas	22	masculino	04145557047	2	III	\N	undefined
10	CHIABE	TEAMA	V-24115035	2016-08-29	barinas estado barinas	22	masculino	04145557047	2	III	\N	undefined
12	CHIABE	TEAMA	\N	\N	\N	\N	\N	\N	\N	\N	\N	undefined
13	Jesus	Artahona	V-23142455314	1975-04-13	narnia estado barinas	24	masculino	04145557047	2	II	\N	\N
14	Jesus	Rojas	E-24115035	2016-08-29	barinas estado barinas	22	femenino	04145557047	6	II	\N	\N
15	1	1	V-1	0001-01-01 BC	1	1	1	1	1	1	\N	\N
59	chiabe	buda	V-342342343	2017-08-11	fadfbgfsdfdfhadfgdf	32	femenino	234wsd343453	4	IV	\N	\N
60	Jesus	Rojas	V-24115035	2016-08-29	barinas estado barinas	22	femenino	04145557047	1	III	\N	\N
61	Jesus	Rojas	V-24115035	2016-05-09	barinas estado barinas	22	masculino	04145557047	2	III	\N	\N
62	Jesus	Rojas	V-24115035	2016-05-09	barinas estado barinas	22	masculino	04145557047	2	III	\N	\N
63	Jesus	Rojas	E-24115035	2016-08-29	barinas estado barinas	22	femenino	04145557047	3	IV	\N	\N
64	Jesus	Rojas	E-24115035	2016-08-29	barinas estado barinas	22	femenino	04145557047	2	IV	\N	\N
65	1	1	V-1	0001-01-01 BC	1	1	1	1	1	1	\N	\N
66	1	1	V-1	0001-01-01 BC	1	1	1	1	1	1	\N	\N
67	1	1	V-1	0001-01-01 BC	1	1	1	1	1	1	\N	\N
68	1	1	V-1	0001-01-01 BC	1	1	1	1	1	1	\N	\N
16	1	1	V-1	0001-01-01 BC	1	1	1	1	1	1	\N	\N
17	1	1	V-1	0001-01-01 BC	1	1	1	1	1	1	\N	\N
18	1	1	V-1	0001-01-01 BC	1	1	1	1	1	1	\N	\N
19	1	1	V-1	0001-01-01 BC	1	1	1	1	1	1	\N	\N
20	1	1	V-1	0001-01-01 BC	1	1	1	1	1	1	\N	\N
21	1	1	V-1	0001-01-01 BC	1	1	1	1	1	1	\N	\N
22	1	1	V-1	0001-01-01 BC	1	1	1	1	1	1	\N	\N
23	1	1	V-1	0001-01-01 BC	1	1	1	1	1	1	\N	\N
24	1	1	V-1	0001-01-01 BC	1	1	1	1	1	1	\N	\N
25	1	1	V-1	0001-01-01 BC	1	1	1	1	1	1	\N	\N
26	1	1	V-1	0001-01-01 BC	1	1	1	1	1	1	\N	\N
27	1	1	V-1	0001-01-01 BC	1	1	1	1	1	1	\N	\N
28	1	1	V-1	0001-01-01 BC	1	1	1	1	1	1	\N	\N
29	1	1	V-1	0001-01-01 BC	1	1	1	1	1	1	\N	\N
30	Incubus	Aerosmith	V-24115035	2017-04-11	barinas estado barinas	53	femenino	04145557047	4	II	\N	\N
31	arthur	gato	V-234234234	2016-11-09	fadfhSdfgfhsafafsddfhsd	23	masculino	545232352435	4	III	\N	\N
32	1	1	V-1	0001-01-01 BC	1	1	1	1	1	1	\N	\N
33	1	1	V-1	0001-01-01 BC	1	1	1	1	1	1	\N	\N
34	1	1	V-1	0001-01-01 BC	1	1	1	1	1	1	\N	\N
39	\N	\N	\N	\N	\N	\N	\N	\N	\N	\N	\\x5a474630595470706257466e5a533977626d6337596d467a5a5459304c476c57516b3953647a424c52326476515546425155355456576846565764425155463551554642515564525130465a51554642516c644b55564577515546425254637762455652566c4930626b387a516b46524d454642515552446231426b55474a524f4568475155464251554642515546425155464251554642515546425155464251554642515546425155464251554642515546425155464251554642515546425155464251554642515546425155464251554642515546425155464251554642515546425155464251554642515546425155464251554642515546425155464251554642515546425155464251554642515546425155464251554642515546425155464251554642515546425155464251554642515546425155464251554642515546425155464251554642515546425155464251554642515546425155464251554642515546425155464251554642515546425155464251554642515546425155464251554642515546425155464251554642515546425155464251554642515546425155464251554642515546425155464251554642515546425155464251554642515546425155464251554642515546425155464251554642515546425155464251554642515546425155464251554642515546425155464251554642515546425155464251554642515546425155464251554642515546425155464251554642515546425155464251554642515546425155464251554642515546425155464251554642515546425155464251554642515546425155464251554642515546425155464251554642515546425155464251554642515546425155464251554642515546425155464251554642515546425155464251554642515546425155464251554642515546425155464251554642515546425155464251554642515546425155464251554642515546425155464251554642515546425155464251554642515546425155464251554642515546425155464251554642515546425155464251554642515546425155464251554642515546425155464251554642515546425155464251554642515546425155464251554642515546425155464251554642515546425155464251554642515546425155464251554642515546425155464251554642515546425155464251554642515546425155464251554642515546425155464251554642515546425155464251554642515546425155464251554642515546425155464251554642515546425155464251554642515546425155464251554642515546425155464251554642515546425155464251554642515546425155464251554642515546425155464251554642515546425155464251554642515546425155464251554642515546425155464251554642515546425155464251554642515546425155464251554642515546425155464251554642515546425155464251554642515546425155464251554642515546425155464251554642515546425155464251554642515546425155464251554642515546425155464251554642515546425155464251554642515546425155464251554642515546425155464251554642515546425155464251554642515546425155464251554642515546425155464251554642515546425155464251554642515546425155464251554642515546425155464251554642515546425155464251554642515546425155464251554642515546425155464251554642515546425155464251554642515546425155464251554642515546425155464251554642515546425155464251554642515546425155464251554642515546425155464251554642515546425155464251554642515546425155464251554642515546425155464251554642515546425155464251554642515546425155464251554642515546425155464251554642515546425155464251554642515546425155464251554642515546425155464251554642515546425155464251554642515546425155464251554642515546425155464251554642515546425155464251554642515546425155464251554642515546425155464251554642515546425155464251554642515546425155464251554642515546425155464251554642515546425155464251554642515546425155464251554642515546425155464251554642515546425155464251554642515546425155464251554642515546425155464251554642515546425155464251554642515546425155464251554642515546425155464251554642515546425155464251554642515546425155464251554642515546425155464251554642515546425155464251554642515546425155464251554642515546425155464251554642515546425155464251554642515546425155464251554642515546425155464251554642515546425155464251554642515546425155464251554642515546425155464251554642515546425155464251554642515546425155464251554642515546425155464251554642515546425155464251554642515546425155464251554642515546425155464251554642515546425155464251554642515546425155464251554642515546425155464251554642515546425155464251554642515546425155464251554642515546425155464251554642515546425155464251554642515546425155464251554642515546425155464251554642515546425155464251554642515546425155464251554642515546425155464251554642515546425155464251554642515546425155464251554642515546425155464251554642515546425155464251554642515546425155464251554642515546425155464251554642515546425155464251554642515546425155464251554642515546425155464251554642515546425155464251554642515546425155464251554642515546425155464251554642515546425155464251554642515546425155464251554642515546425155464251554642515546425155464251554642515546425155464251554642515546425155464251554642515546425155464251554642515546425155464251554642515546425155464251554642515546425155464251554642515546425155464251554642524468485358463051554648536b4e36575868425155464251555673526c52725533565262554e44	\N
69	1	1	V-1	0001-01-01 BC	1	1	1	1	1	1	\N	\N
70	1	1	V-1	0001-01-01 BC	1	1	1	1	1	1	\N	\N
71	1	1	V-1	0001-01-01 BC	1	1	1	1	1	1	\N	\N
72	1	1	V-1	0001-01-01 BC	1	1	1	1	1	1	\N	\N
73	1	1	V-1	0001-01-01 BC	1	1	1	1	1	1	\N	\N
74	1	1	V-1	0001-01-01 BC	1	1	1	1	1	1	\N	\N
75	1	1	V-1	0001-01-01 BC	1	1	1	1	1	1	\N	\N
76	1	1	V-1	0001-01-01 BC	1	1	1	1	1	1	\N	\N
77	1	1	V-1	0001-01-01 BC	1	1	1	1	1	1	\N	\N
35	\N	\N	\N	\N	\N	\N	\N	\N	\N	\N	\\x646174613a696d6167652f706e673b6261736536342c6956424f5277304b47676f414141414e5355684555674141417941414141475143415941414142574a5151304141414537306c45515652346e4f334241513041414144436f50645062513848464141414141414141414141414141414141414141414141414141414141414141414141414141414141414141414141414141414141414141414141414141414141414141414141414141414141414141414141414141414141414141414141414141414141414141414141414141414141414141414141414141414141414141414141414141414141414141414141414141414141414141414141414141414141414141414141414141414141414141414141414141414141414141414141414141414141414141414141414141414141414141414141414141414141414141414141414141414141414141414141414141414141414141414141414141414141414141414141414141414141414141414141414141414141414141414141414141414141414141414141414141414141414141414141414141414141414141414141414141414141414141414141414141414141414141414141414141414141414141414141414141414141414141414141414141414141414141414141414141414141414141414141414141414141414141414141414141414141414141414141414141414141414141414141414141414141414141414141414141414141414141414141414141414141414141414141414141414141414141414141414141414141414141414141414141414141414141414141414141414141414141414141414141414141414141414141414141414141414141414141414141414141414141414141414141414141414141414141414141414141414141414141414141414141414141414141414141414141414141414141414141414141414141414141414141414141414141414141414141414141414141414141414141414141414141414141414141414141414141414141414141414141414141414141414141414141414141414141414141414141414141414141414141414141414141414141414141414141414141414141414141414141414141414141414141414141414141414141414141414141414141414141414141414141414141414141414141414141414141414141414141414141414141414141414141414141414141414141414141414141414141414141414141414141414141414141414141414141414141414141414141414141414141414141414141414141414141414141414141414141414141414141414141414141414141414141414141414141414141414141414141414141414141414141414141414141414141414141414141414141414141414141414141414141414141414141414141414141414141414141414141414141414141414141414141414141414141414141414141414141414141414141414141414141414141414141414141414141414141414141414141414141414141414141414141414141414141414141414141414141414141414141414141414141414141414141414141414141414141414141414141414141414141414141414141414141414141414141414141414141414141414141414141414141414141414141414141414141414141414141414141414141414141414141414141414141414141414141414141414141414141414141414141414141414141414141414141414141414141414141414141414141414141414141414141414141414141414141414141414141414141414141414141414141414141414141414141414141414141414141414141414141414141414141414141414141414141414141414141414141414141414141414141414141414141414141414141414141414141414141414141414141414141414141414141414141414141414141414141414141414141414141414141414141414141414141414141414141414141414141414141414141414141414141414141414141414141414141414141414141414141414141414141414141414141414141414141414141414141414141414141414141414141414141414141414141414141414141414141414141414141414141414141414141414141414141414141414141414141414141414141414141414141414141414141414141414141414141414141414141414141414141414141414141414141414141414141414141414141414141414141414141414141414141414141414141414141414141414141414141414141414141414141414141414141414141414141414141414141414141414141414141414141414141414141414141414141414141414141414141414141414438474971744141474a437a59784141414141456c46546b5375516d4343	\N
36	\N	\N	\N	\N	\N	\N	\N	\N	\N	\N	\\x646174613a696d6167652f706e673b6261736536342c6956424f5277304b47676f414141414e5355684555674141417941414141475143415941414142574a5151304141414537306c45515652346e4f334241513041414144436f50645062513848464141414141414141414141414141414141414141414141414141414141414141414141414141414141414141414141414141414141414141414141414141414141414141414141414141414141414141414141414141414141414141414141414141414141414141414141414141414141414141414141414141414141414141414141414141414141414141414141414141414141414141414141414141414141414141414141414141414141414141414141414141414141414141414141414141414141414141414141414141414141414141414141414141414141414141414141414141414141414141414141414141414141414141414141414141414141414141414141414141414141414141414141414141414141414141414141414141414141414141414141414141414141414141414141414141414141414141414141414141414141414141414141414141414141414141414141414141414141414141414141414141414141414141414141414141414141414141414141414141414141414141414141414141414141414141414141414141414141414141414141414141414141414141414141414141414141414141414141414141414141414141414141414141414141414141414141414141414141414141414141414141414141414141414141414141414141414141414141414141414141414141414141414141414141414141414141414141414141414141414141414141414141414141414141414141414141414141414141414141414141414141414141414141414141414141414141414141414141414141414141414141414141414141414141414141414141414141414141414141414141414141414141414141414141414141414141414141414141414141414141414141414141414141414141414141414141414141414141414141414141414141414141414141414141414141414141414141414141414141414141414141414141414141414141414141414141414141414141414141414141414141414141414141414141414141414141414141414141414141414141414141414141414141414141414141414141414141414141414141414141414141414141414141414141414141414141414141414141414141414141414141414141414141414141414141414141414141414141414141414141414141414141414141414141414141414141414141414141414141414141414141414141414141414141414141414141414141414141414141414141414141414141414141414141414141414141414141414141414141414141414141414141414141414141414141414141414141414141414141414141414141414141414141414141414141414141414141414141414141414141414141414141414141414141414141414141414141414141414141414141414141414141414141414141414141414141414141414141414141414141414141414141414141414141414141414141414141414141414141414141414141414141414141414141414141414141414141414141414141414141414141414141414141414141414141414141414141414141414141414141414141414141414141414141414141414141414141414141414141414141414141414141414141414141414141414141414141414141414141414141414141414141414141414141414141414141414141414141414141414141414141414141414141414141414141414141414141414141414141414141414141414141414141414141414141414141414141414141414141414141414141414141414141414141414141414141414141414141414141414141414141414141414141414141414141414141414141414141414141414141414141414141414141414141414141414141414141414141414141414141414141414141414141414141414141414141414141414141414141414141414141414141414141414141414141414141414141414141414141414141414141414141414141414141414141414141414141414141414141414141414141414141414141414141414141414141414141414141414141414141414141414141414141414141414141414141414141414141414141414141414141414141414141414141414141414141414141414141414141414141414141414141414141414141414141414141414141414141414141414141414141414141414141414141414141414141414141414141414141414141414141414438474971744141474a437a59784141414141456c46546b5375516d4343	\N
37	1	1	V-1	0001-01-01 BC	1	1	1	1	1	1	\N	\N
38	\N	\N	\N	\N	\N	\N	\N	\N	\N	\N	\\x646174613a696d6167652f706e673b6261736536342c6956424f5277304b47676f414141414e5355684555674141417941414141475143415941414142574a5151304141414537306c45515652346e4f334241513041414144436f50645062513848464141414141414141414141414141414141414141414141414141414141414141414141414141414141414141414141414141414141414141414141414141414141414141414141414141414141414141414141414141414141414141414141414141414141414141414141414141414141414141414141414141414141414141414141414141414141414141414141414141414141414141414141414141414141414141414141414141414141414141414141414141414141414141414141414141414141414141414141414141414141414141414141414141414141414141414141414141414141414141414141414141414141414141414141414141414141414141414141414141414141414141414141414141414141414141414141414141414141414141414141414141414141414141414141414141414141414141414141414141414141414141414141414141414141414141414141414141414141414141414141414141414141414141414141414141414141414141414141414141414141414141414141414141414141414141414141414141414141414141414141414141414141414141414141414141414141414141414141414141414141414141414141414141414141414141414141414141414141414141414141414141414141414141414141414141414141414141414141414141414141414141414141414141414141414141414141414141414141414141414141414141414141414141414141414141414141414141414141414141414141414141414141414141414141414141414141414141414141414141414141414141414141414141414141414141414141414141414141414141414141414141414141414141414141414141414141414141414141414141414141414141414141414141414141414141414141414141414141414141414141414141414141414141414141414141414141414141414141414141414141414141414141414141414141414141414141414141414141414141414141414141414141414141414141414141414141414141414141414141414141414141414141414141414141414141414141414141414141414141414141414141414141414141414141414141414141414141414141414141414141414141414141414141414141414141414141414141414141414141414141414141414141414141414141414141414141414141414141414141414141414141414141414141414141414141414141414141414141414141414141414141414141414141414141414141414141414141414141414141414141414141414141414141414141414141414141414141414141414141414141414141414141414141414141414141414141414141414141414141414141414141414141414141414141414141414141414141414141414141414141414141414141414141414141414141414141414141414141414141414141414141414141414141414141414141414141414141414141414141414141414141414141414141414141414141414141414141414141414141414141414141414141414141414141414141414141414141414141414141414141414141414141414141414141414141414141414141414141414141414141414141414141414141414141414141414141414141414141414141414141414141414141414141414141414141414141414141414141414141414141414141414141414141414141414141414141414141414141414141414141414141414141414141414141414141414141414141414141414141414141414141414141414141414141414141414141414141414141414141414141414141414141414141414141414141414141414141414141414141414141414141414141414141414141414141414141414141414141414141414141414141414141414141414141414141414141414141414141414141414141414141414141414141414141414141414141414141414141414141414141414141414141414141414141414141414141414141414141414141414141414141414141414141414141414141414141414141414141414141414141414141414141414141414141414141414141414141414141414141414141414141414141414141414141414141414141414141414141414141414141414141414141414141414141414141414141414141414141414141414141414141414141414141414141414141414141414141414141414141414141414141414438474971744141474a437a59784141414141456c46546b5375516d4343	\N
\.


--
-- Name: paciente_id_pac_seq; Type: SEQUENCE SET; Schema: public; Owner: postgres
--

SELECT pg_catalog.setval('paciente_id_pac_seq', 77, true);


--
-- Data for Name: producto; Type: TABLE DATA; Schema: public; Owner: jesusrojas
--

COPY producto (id_pro, nom_pro, det_pro, med) FROM stdin;
28	plumas	de pollo	1
30	sisisi	nonono	1
31	Piel de	comadreja	1
37	Ancas	de Rana	1
38	Cachicamo	Pelon	1
40	chiguire	galactico	1
41	Mostaza 	jugozsa	1
43	Castor	blanco	1
44	cachama	azul	1
42	Cachicamo	Asiatico	1
33	zancudo	de mar	1
34	costillas	de cerdo	1
32	palomo	asado	1
27	pescado	coporo	1
29	Filetes	De iguana	1
46	sisisi	nonono	1
47	cachicamo	loco	1
48	nonono	sisisisi	1
49	ardilla	pelona	1
50	camarones	fritos	1
51	Cosas locas	de pollo	1
52	Cosas locas	de pollo	1
53	dfgsd	sdfgsdfg	1
54	1	1	1
55	SAAAAPO! DFR	DE MEIWFGdfgbnadf	1
56	ardillas 	locas	1
57	cosas	del diablo	1
58	Ardillas	Locas	1
59	todos	locos	1
60	Manos	arriba	1
61	Manos	arriba	1
62	Manos	arriba	1
63	Manos	arriba	1
64	Manos	arriba	1
65	Manos	arriba	1
67	todos 	locos 2	1
\.


--
-- Name: producto_id_pro_seq; Type: SEQUENCE SET; Schema: public; Owner: jesusrojas
--

SELECT pg_catalog.setval('producto_id_pro_seq', 67, true);


--
-- Data for Name: recepcion; Type: TABLE DATA; Schema: public; Owner: postgres
--

COPY recepcion (id_rec, fh_rec, cant_rec, id_pro) FROM stdin;
1	2016-01-09	55	50
2	2017-11-11	5	50
3	2017-07-12	9999	49
4	2016-01-09	66	49
5	2017-07-12	5	49
6	2016-09-09	10000	49
7	2017-01-09	3534534	49
\.


--
-- Name: recepcion_id_rec_seq; Type: SEQUENCE SET; Schema: public; Owner: postgres
--

SELECT pg_catalog.setval('recepcion_id_rec_seq', 7, true);


--
-- Data for Name: recipes; Type: TABLE DATA; Schema: public; Owner: postgres
--

COPY recipes (id_rec, id_pac, info_rec, fh_rec) FROM stdin;
\.


--
-- Name: recipes_id_rec_seq; Type: SEQUENCE SET; Schema: public; Owner: postgres
--

SELECT pg_catalog.setval('recipes_id_rec_seq', 1, false);


--
-- Data for Name: tipo_auditoria; Type: TABLE DATA; Schema: public; Owner: postgres
--

COPY tipo_auditoria (id_ta, tp_audi) FROM stdin;
1	Agregar
2	Consulta
3	Eliminar
4	Modificar
5	Inicio
6	Salida
\.


--
-- Name: tipo_auditoria_id_ta_seq; Type: SEQUENCE SET; Schema: public; Owner: postgres
--

SELECT pg_catalog.setval('tipo_auditoria_id_ta_seq', 6, true);


--
-- Data for Name: tratamiento; Type: TABLE DATA; Schema: public; Owner: postgres
--

COPY tratamiento (id_tra, titulo, detalles, fecha, id_his) FROM stdin;
1	sdfsdgsdas54W4HDFHERGFWDVGFHdfgERERDZFG	sdfdffSFSDFG34654TERY54YW6ERGRE	2016-05-09	18
2	1	1	0001-01-01 BC	20
3	1	1	0001-01-01 BC	21
4	lo que sea	detalles detalles detalles	2016-06-09	28
5	1	1	0001-01-01 BC	30
6	1	1	2016-05-09	37
7	asdfasdf	dfasdfsdfas	2018-05-14	39
8	asdfasdf	dfasdfsdfas	2018-05-14	39
9	asdfasdf	dfasdfsdfas	2018-05-14	39
10	asdfasdf	dfasdfsdfas	2018-05-14	39
11	asdfasdf	dfasdfsdfas	2018-05-14	39
12	asdfasdf	dfasdfsdfas	2018-05-14	39
13	23434534	sdfasfsdaf	2017-01-09	40
14	23434534	sdfasfsdaf	2017-01-09	40
15	23434534	sdfasfsdaf	2017-01-09	40
16	23434534	sdfasfsdaf	2017-01-09	40
17	23434534	sdfasfsdaf	2017-01-09	40
18	23434534	sdfasfsdaf	2017-01-09	40
19	gergfdsfsfsdf	erfefawfasfsadf	2016-10-09	44
20	casas	dsadasdasdasd	2018-06-12	45
21	casas	dasdasdasdas	2017-01-09	46
22	423423423	sfdgdgsdfgsdf	2017-03-11	47
23	1	1	0001-01-01 BC	48
24	1	1	0001-01-01 BC	49
25	1	1	0001-01-01 BC	50
26	1	1	0001-01-01 BC	51
27	1	1	0001-01-01 BC	52
28	1	1	0001-01-01 BC	53
29	1	1	0001-01-01 BC	54
30	1	1	0001-01-01 BC	55
31	1	1	0001-01-01 BC	56
32	1	1	0001-01-01 BC	57
33	1	1	0001-01-01 BC	58
34	1	1	0001-01-01 BC	59
35	1	1	0001-01-01 BC	60
\.


--
-- Name: tratamiento_id_tra_seq; Type: SEQUENCE SET; Schema: public; Owner: postgres
--

SELECT pg_catalog.setval('tratamiento_id_tra_seq', 35, true);


--
-- Data for Name: users; Type: TABLE DATA; Schema: public; Owner: postgres
--

COPY users (id_user, nom_user, ape_user, ced_user, log_user, pw_user, level, scr_qutn, scr_anw, crt_date) FROM stdin;
4	Jesus Orlando	Rojas Artahona	V-24115035	kamicase24	l6egnpqknKLP4g==	1	stjZ3NeUytrO2o+XyYWC3saB1I7aydOD3s+h	09TT1so=	2016-07-16 18:08:01.923238
6	demo	demo	V-222	demo	ydjc3A==	1	puPU2dHdzdyF14WX2I/O5srTzEDYzYWT6o7P08nT0KA=	l6Wh	2016-07-16 18:08:08.19163
7	admin	admin	V-111	admin	xtfc1tM=	1	stjZ3NeUytrO2o+XyYWC3saB1I7aydOD3s+h	l6Wh	2016-07-16 18:08:58.15439
8	pende	deja	E-222	sad	2NTT	1	puPU2dHdzdyF14WX2I/O5srTzEDYzYWT6o7P08nT0KA=	l6Wh	2016-07-16 19:10:58.221744
\.


--
-- Name: users_id_user_seq; Type: SEQUENCE SET; Schema: public; Owner: postgres
--

SELECT pg_catalog.setval('users_id_user_seq', 8, true);


--
-- Name: auditoria_pkey; Type: CONSTRAINT; Schema: public; Owner: postgres; Tablespace: 
--

ALTER TABLE ONLY auditoria
    ADD CONSTRAINT auditoria_pkey PRIMARY KEY (id_audi);


--
-- Name: citas_pkey; Type: CONSTRAINT; Schema: public; Owner: postgres; Tablespace: 
--

ALTER TABLE ONLY citas
    ADD CONSTRAINT citas_pkey PRIMARY KEY (id_citas);


--
-- Name: constancias_pkey; Type: CONSTRAINT; Schema: public; Owner: postgres; Tablespace: 
--

ALTER TABLE ONLY constancias
    ADD CONSTRAINT constancias_pkey PRIMARY KEY (id_cons);


--
-- Name: consumo_pkey; Type: CONSTRAINT; Schema: public; Owner: postgres; Tablespace: 
--

ALTER TABLE ONLY consumo
    ADD CONSTRAINT consumo_pkey PRIMARY KEY (id_con);


--
-- Name: contras_pkey; Type: CONSTRAINT; Schema: public; Owner: postgres; Tablespace: 
--

ALTER TABLE ONLY contras
    ADD CONSTRAINT contras_pkey PRIMARY KEY (id_contra);


--
-- Name: especialidad_pkey; Type: CONSTRAINT; Schema: public; Owner: postgres; Tablespace: 
--

ALTER TABLE ONLY especialidad
    ADD CONSTRAINT especialidad_pkey PRIMARY KEY (id_esp);


--
-- Name: hist_contra_pkey; Type: CONSTRAINT; Schema: public; Owner: postgres; Tablespace: 
--

ALTER TABLE ONLY hist_contra
    ADD CONSTRAINT hist_contra_pkey PRIMARY KEY (id_hc);


--
-- Name: historias_pkey; Type: CONSTRAINT; Schema: public; Owner: postgres; Tablespace: 
--

ALTER TABLE ONLY historias
    ADD CONSTRAINT historias_pkey PRIMARY KEY (id_his);


--
-- Name: hoja_cita_pkey; Type: CONSTRAINT; Schema: public; Owner: postgres; Tablespace: 
--

ALTER TABLE ONLY hoja_cita
    ADD CONSTRAINT hoja_cita_pkey PRIMARY KEY (id_hoja_c);


--
-- Name: inventario_pkey; Type: CONSTRAINT; Schema: public; Owner: jesusrojas; Tablespace: 
--

ALTER TABLE ONLY inventario
    ADD CONSTRAINT inventario_pkey PRIMARY KEY (id_inv);


--
-- Name: levels_pkey; Type: CONSTRAINT; Schema: public; Owner: postgres; Tablespace: 
--

ALTER TABLE ONLY levels
    ADD CONSTRAINT levels_pkey PRIMARY KEY (id_level);


--
-- Name: medida_pkey; Type: CONSTRAINT; Schema: public; Owner: jesusrojas; Tablespace: 
--

ALTER TABLE ONLY medida
    ADD CONSTRAINT medida_pkey PRIMARY KEY (id_med);


--
-- Name: paciente_pkey; Type: CONSTRAINT; Schema: public; Owner: postgres; Tablespace: 
--

ALTER TABLE ONLY paciente
    ADD CONSTRAINT paciente_pkey PRIMARY KEY (id_pac);


--
-- Name: producto_pkey; Type: CONSTRAINT; Schema: public; Owner: jesusrojas; Tablespace: 
--

ALTER TABLE ONLY producto
    ADD CONSTRAINT producto_pkey PRIMARY KEY (id_pro);


--
-- Name: recepcion_pkey; Type: CONSTRAINT; Schema: public; Owner: postgres; Tablespace: 
--

ALTER TABLE ONLY recepcion
    ADD CONSTRAINT recepcion_pkey PRIMARY KEY (id_rec);


--
-- Name: recipes_pkey; Type: CONSTRAINT; Schema: public; Owner: postgres; Tablespace: 
--

ALTER TABLE ONLY recipes
    ADD CONSTRAINT recipes_pkey PRIMARY KEY (id_rec);


--
-- Name: tipo_auditoria_pkey; Type: CONSTRAINT; Schema: public; Owner: postgres; Tablespace: 
--

ALTER TABLE ONLY tipo_auditoria
    ADD CONSTRAINT tipo_auditoria_pkey PRIMARY KEY (id_ta);


--
-- Name: tratamiento_pkey; Type: CONSTRAINT; Schema: public; Owner: postgres; Tablespace: 
--

ALTER TABLE ONLY tratamiento
    ADD CONSTRAINT tratamiento_pkey PRIMARY KEY (id_tra);


--
-- Name: users_pkey; Type: CONSTRAINT; Schema: public; Owner: postgres; Tablespace: 
--

ALTER TABLE ONLY users
    ADD CONSTRAINT users_pkey PRIMARY KEY (id_user);


--
-- Name: auditoria_tp_audi_fkey; Type: FK CONSTRAINT; Schema: public; Owner: postgres
--

ALTER TABLE ONLY auditoria
    ADD CONSTRAINT auditoria_tp_audi_fkey FOREIGN KEY (tp_audi) REFERENCES tipo_auditoria(id_ta);


--
-- Name: citas_id_hojas_c_fkey; Type: FK CONSTRAINT; Schema: public; Owner: postgres
--

ALTER TABLE ONLY citas
    ADD CONSTRAINT citas_id_hojas_c_fkey FOREIGN KEY (id_hojas_c) REFERENCES hoja_cita(id_hoja_c);


--
-- Name: citas_id_pac_fkey; Type: FK CONSTRAINT; Schema: public; Owner: postgres
--

ALTER TABLE ONLY citas
    ADD CONSTRAINT citas_id_pac_fkey FOREIGN KEY (id_pac) REFERENCES paciente(id_pac);


--
-- Name: constancias_id_pac_fkey; Type: FK CONSTRAINT; Schema: public; Owner: postgres
--

ALTER TABLE ONLY constancias
    ADD CONSTRAINT constancias_id_pac_fkey FOREIGN KEY (id_pac) REFERENCES paciente(id_pac);


--
-- Name: consumo_id_pro_fkey; Type: FK CONSTRAINT; Schema: public; Owner: postgres
--

ALTER TABLE ONLY consumo
    ADD CONSTRAINT consumo_id_pro_fkey FOREIGN KEY (id_pro) REFERENCES producto(id_pro) ON UPDATE CASCADE ON DELETE CASCADE;


--
-- Name: hist_contra_id_contra_fkey; Type: FK CONSTRAINT; Schema: public; Owner: postgres
--

ALTER TABLE ONLY hist_contra
    ADD CONSTRAINT hist_contra_id_contra_fkey FOREIGN KEY (id_contra) REFERENCES contras(id_contra);


--
-- Name: hist_contra_id_his_fkey; Type: FK CONSTRAINT; Schema: public; Owner: postgres
--

ALTER TABLE ONLY hist_contra
    ADD CONSTRAINT hist_contra_id_his_fkey FOREIGN KEY (id_his) REFERENCES historias(id_his);


--
-- Name: historias_id_pac_fkey; Type: FK CONSTRAINT; Schema: public; Owner: postgres
--

ALTER TABLE ONLY historias
    ADD CONSTRAINT historias_id_pac_fkey FOREIGN KEY (id_pac) REFERENCES paciente(id_pac);


--
-- Name: inventario_id_pro_fkey; Type: FK CONSTRAINT; Schema: public; Owner: jesusrojas
--

ALTER TABLE ONLY inventario
    ADD CONSTRAINT inventario_id_pro_fkey FOREIGN KEY (id_pro) REFERENCES producto(id_pro) ON UPDATE CASCADE ON DELETE CASCADE;


--
-- Name: paciente_esp_fkey1; Type: FK CONSTRAINT; Schema: public; Owner: postgres
--

ALTER TABLE ONLY paciente
    ADD CONSTRAINT paciente_esp_fkey1 FOREIGN KEY (esp) REFERENCES especialidad(id_esp) ON UPDATE CASCADE ON DELETE CASCADE;


--
-- Name: producto_med_fkey; Type: FK CONSTRAINT; Schema: public; Owner: jesusrojas
--

ALTER TABLE ONLY producto
    ADD CONSTRAINT producto_med_fkey FOREIGN KEY (med) REFERENCES medida(id_med);


--
-- Name: recepcion_id_pro_fkey1; Type: FK CONSTRAINT; Schema: public; Owner: postgres
--

ALTER TABLE ONLY recepcion
    ADD CONSTRAINT recepcion_id_pro_fkey1 FOREIGN KEY (id_pro) REFERENCES producto(id_pro) ON UPDATE CASCADE ON DELETE CASCADE;


--
-- Name: recipes_id_pac_fkey; Type: FK CONSTRAINT; Schema: public; Owner: postgres
--

ALTER TABLE ONLY recipes
    ADD CONSTRAINT recipes_id_pac_fkey FOREIGN KEY (id_pac) REFERENCES paciente(id_pac);


--
-- Name: tratamiento_id_his_fkey; Type: FK CONSTRAINT; Schema: public; Owner: postgres
--

ALTER TABLE ONLY tratamiento
    ADD CONSTRAINT tratamiento_id_his_fkey FOREIGN KEY (id_his) REFERENCES historias(id_his) ON UPDATE CASCADE ON DELETE CASCADE;


--
-- Name: users_level_fkey; Type: FK CONSTRAINT; Schema: public; Owner: postgres
--

ALTER TABLE ONLY users
    ADD CONSTRAINT users_level_fkey FOREIGN KEY (level) REFERENCES levels(id_level);


--
-- Name: users_level_fkey1; Type: FK CONSTRAINT; Schema: public; Owner: postgres
--

ALTER TABLE ONLY users
    ADD CONSTRAINT users_level_fkey1 FOREIGN KEY (level) REFERENCES levels(id_level) ON UPDATE CASCADE ON DELETE CASCADE;


--
-- Name: public; Type: ACL; Schema: -; Owner: postgres
--

REVOKE ALL ON SCHEMA public FROM PUBLIC;
REVOKE ALL ON SCHEMA public FROM postgres;
GRANT ALL ON SCHEMA public TO postgres;
GRANT ALL ON SCHEMA public TO PUBLIC;


--
-- PostgreSQL database dump complete
--

